{"cameraMode":{"drawMode":0,"name":"Shaded","section":"Shading Mode"},"sceneLighting":false,"audioPlay":false,"sceneViewState":{"showFog":true,"showMaterialUpdate":true,"showSkybox":false,"showFlares":true,"showImageEffects":true,"showParticleSystems":true},"in2DMode":false,"pivot":{"x":2.1579999923706056,"y":0.797999918460846,"z":-0.9511573314666748},"rotation":{"x":-0.026280658319592477,"y":0.9312458634376526,"z":-0.3569171130657196,"w":-0.06857013702392578},"size":3.5443618297576906,"orthographic":false}