{"cameraMode":{"drawMode":0,"name":"Shaded","section":"Shading Mode"},"sceneLighting":false,"audioPlay":false,"sceneViewState":{"showFog":true,"showMaterialUpdate":true,"showSkybox":false,"showFlares":true,"showImageEffects":true,"showParticleSystems":true},"in2DMode":false,"pivot":{"x":-1.0780186653137208,"y":0.8693282604217529,"z":1.40185546875},"rotation":{"x":-0.009215033613145352,"y":0.980480968952179,"z":-0.19059976935386659,"w":-0.04739886149764061},"size":21.63475227355957,"orthographic":false}