{"cameraMode":{"drawMode":0,"name":"Shaded","section":"Shading Mode"},"sceneLighting":false,"audioPlay":false,"sceneViewState":{"showFog":true,"showMaterialUpdate":true,"showSkybox":false,"showFlares":true,"showImageEffects":true,"showParticleSystems":true},"in2DMode":false,"pivot":{"x":1.8126662969589234,"y":1.5349774360656739,"z":-2.533499240875244},"rotation":{"x":0.011597735807299614,"y":0.9859188199043274,"z":-0.07736515998840332,"w":0.147798091173172},"size":3.6720728874206545,"orthographic":false}