{"cameraMode":{"drawMode":0,"name":"Shaded","section":"Shading Mode"},"sceneLighting":true,"audioPlay":false,"sceneViewState":{"showFog":true,"showMaterialUpdate":true,"showSkybox":true,"showFlares":true,"showImageEffects":true,"showParticleSystems":true},"in2DMode":false,"pivot":{"x":399.55108642578127,"y":226.9073944091797,"z":-48.80438232421875},"rotation":{"x":0.03299032524228096,"y":0.01499114092439413,"z":-0.0004948828718625009,"w":0.9993433356285095},"size":293.4068603515625,"orthographic":false}